"Marca temporal","¿Cual es su Nombre, Apellido?","¿Cual es su correo electrónico?","¿Cual es su organización?","¿Cuál de estas tecnologías utiliza diariamente? ","¿Alguna otra?","¿Cual de estas plataformas conoce?","¿Cual es el principal factor que impacta nuestro flujo de trabajo con datos?","¿Otros factores que afectan el flujo de trabajo con datos?"
"2017/06/06 5:08:50 p. m. GMT","mauricio sedano","mauricio.sedano@gmail.com","alcaldia","ArcGIS","SPSS","","Transparencia. Ejemplo: ""es importante dar visibilidad a lo que las organizaciones están haciendo; incluso si no puede descargar la hoja de cálculo, puede decidir ponerse en contacto"" Factor: ¿Los retos de coordinación y colaboración generan complejas desaceleraciones?","Negligencia"
"2017/06/07 2:08:03 a. m. GMT","Liliana Marisol Quenán","Liliana.marisol.quenan@gmail.com","Observatorio de paz y convivencia ","Python, R ú otra herramienta que depende de escribir código (code-based tools);Microsoft Excel;ArcGIS;QGIS;Leafflet.js","Autocad","DATOS.gov.co (datos abiertos);IDESC.cali.gov.co (datos abiertos)","Motivación. Ejemplo:""la recolección de datos es intensiva en recurso humano"". Factor: ¿ la falta de incentivos alineados?","La interpretación del enfoque en los datos recolectados "
"2017/06/07 12:56:49 p. m. GMT","JENNY MARCELA TREJOS TREJOS","COORDINACIONDH@UNICATOLICA.EDU.CO","UNICATÓLICA","Microsoft Excel;Google Sheets","NINGUNA","HDX: Humanitarian Data Exchange;HOT: Humanitarian OpenStreetMap Team","Motivación. Ejemplo:""la recolección de datos es intensiva en recurso humano"". Factor: ¿ la falta de incentivos alineados?;Competencias en datos. Ejemplo: ""si no se crean pautas consistentes al principio, se necesita todo un ejército para corregir errores"". Factor: ¿El conocimiento desigual entre los trabajadores de datos afecta drásticamente el flujo de datos?;Mentalidad. Ejemplo: ""Necesitamos mantener el control."" Factor: ¿los problemas culturales pueden detener los datos en sus rutas?","NINGUNO"
"2017/06/07 2:44:19 p. m. GMT","Brian Bejarano","brbejaranocr@gmail.com","Universidad del Valle","DataCleaner;Python, R ú otra herramienta que depende de escribir código (code-based tools);Microsoft Excel;Google Sheets;Aplicaciones móviles de captura de datos (mobile data collection);ArcGIS;QGIS","Pajek, Ucinet, Vensim, NetLogo, MatLab Gephi, Loopy, ","DATOS.gov.co (datos abiertos);IDESC.cali.gov.co (datos abiertos);POLCIA.gov.co (datos abiertos)","Competencias en datos. Ejemplo: ""si no se crean pautas consistentes al principio, se necesita todo un ejército para corregir errores"". Factor: ¿El conocimiento desigual entre los trabajadores de datos afecta drásticamente el flujo de datos?;Procesamiento de datos: Ejemplo: ""no todos saben cómo utilizar la función Excel buscar, o cómo estructurar una base de datos."" Factor: ¿Las herramientas inadecuadas y los procesos de soporte ralentizán el procesamiento de datos.?;Transparencia. Ejemplo: ""es importante dar visibilidad a lo que las organizaciones están haciendo; incluso si no puede descargar la hoja de cálculo, puede decidir ponerse en contacto"" Factor: ¿Los retos de coordinación y colaboración generan complejas desaceleraciones?","La falta de integración de formatos compatibles entre plataformas (e.g. carga directa de datos a una visualización online); En ocasiones se pierde el nivel de detalle de los eventos de interés por registrar información sólo con interés estadístico.  "
"2017/06/08 6:00:31 p. m. GMT","Marko David Garcia","markodavidgm@gmail.com","Fundación Hisp Colombia","Python, R ú otra herramienta que depende de escribir código (code-based tools);Bases de Datos administradas por mi organización (MySQL/PgSQL/Microsoft SQL);Aplicaciones móviles de captura de datos (mobile data collection);Tableau;D3/C3;QGIS","DHIS2","HOT: Humanitarian OpenStreetMap Team","Competencias en datos. Ejemplo: ""si no se crean pautas consistentes al principio, se necesita todo un ejército para corregir errores"". Factor: ¿El conocimiento desigual entre los trabajadores de datos afecta drásticamente el flujo de datos?;Procesamiento de datos: Ejemplo: ""no todos saben cómo utilizar la función Excel buscar, o cómo estructurar una base de datos."" Factor: ¿Las herramientas inadecuadas y los procesos de soporte ralentizán el procesamiento de datos.?;Transparencia. Ejemplo: ""es importante dar visibilidad a lo que las organizaciones están haciendo; incluso si no puede descargar la hoja de cálculo, puede decidir ponerse en contacto"" Factor: ¿Los retos de coordinación y colaboración generan complejas desaceleraciones?","Hay demasiados datos, pero no se genera información. Por esta razón no se realizan acciones basados en la evidencia"