"Marca temporal","¿Cual es su Nombre, Apellido?","¿Cual es su correo electrónico?","¿Cual es su organización?","¿Cual es su temática central de trabajo?","¿Otra tematica?","¿Cómo contribuiría a la construcción del marco de medición de paz? ","¿Identifique su potencial contribución en la cadena de información ?"
"2017/06/07 2:15:53 a. m. GMT","Liliana Marisol Quenan","Liliana.marisol.quenan@gmail.com","Observatorio de paz ","Innovación Social;Construcción de Paz;Análisis de datos;Comunicación Audiovisual","Plataforma digital interactiva","Conecta datos e investigaciones;Aporta colaboración técnica;Apoya entorno virtual de investigación","Generación de datos primarios (equipo técnico);Planificación de datos (equipos de análisis/captura);Difusión de datos;Generación/Transferencia de datos;Acceso/Visualización de datos"
"2017/06/07 12:57:58 p. m. GMT","JENNY MARCELA TREJOS TREJOS","COORDINACIONDH@UNICATOLICA.EDU.CO","UNICATÓLICA","Derechos Humanos;Innovación Social;Construcción de Paz;Derechos Humanos;Cultura Ciudadana;Memoria Historica","SERVICIO SOCIAL","Aporta metodología;Identifica indicadores;Apoya red de observadores voluntarios","Datos de percepción;Recolección de datos"
"2017/06/07 1:12:07 p. m. GMT","alvaro guzman barney","aguzman@uao.edu.co","UAO","Violencia Urbana","Conflicto regional","Propone metodología","Analítica regional"
"2017/06/07 2:00:58 p. m. GMT","Julián González","juliandreshistoriaymuseos@gmail.com","Secretaría de Paz y Cultura Ciudadana","Memoria Historica","Museos","Aporta colaboración técnica","Compartir datos (equipos internos o externos);Acceso/Visualización de datos"
"2017/06/08 3:00:25 p. m. GMT","Nohra Gutiérrez Jiménez","nohragj@gmail.com","ARN","Conflicto Armado;Derechos Humanos;Reconciliación / Reincorporación;Derechos Humanos","riesgos seguridad","Evalua impacto de proyectos","Datos objetivos;Analítica regional"
"2017/06/08 6:06:44 p. m. GMT","Marko David Garcia","markodavidgm@gmail.com","Fundación Hisp Colombia","Datos Abiertos","Sistemas de información Open Source - Georeferenciación","Conecta datos e investigaciones","Compartir datos (equipos internos o externos);Procesamiento de datos;Generación/Transferencia de datos;Generación/Limpiado de datos;Acceso/Visualización de datos"
"2017/06/09 6:21:42 p. m. GMT","NELSON ADRIAN FRANCO DIAZ","nelsonadrianfranco@gmail.com","OBSERVATORIO PARA LA PAZ DEL VALLE DEL CAUCA","Territorio;Construcción de Paz;Memoria Historica","Situacion Humanitaria","Propone metodología;Conecta datos e investigaciones","Datos secundarios;Analítica regional;Compartir datos (equipos internos o externos)"